{
  "hash": "077800e6",
  "configHash": "927dff1c",
  "lockfileHash": "93678a32",
  "browserHash": "5bb647c9",
  "optimized": {
    "@angular/common": {
      "src": "../../../../../../node_modules/@angular/common/fesm2022/common.mjs",
      "file": "@angular_common.js",
      "fileHash": "159b29f7",
      "needsInterop": false
    },
    "@angular/core": {
      "src": "../../../../../../node_modules/@angular/core/fesm2022/core.mjs",
      "file": "@angular_core.js",
      "fileHash": "7b63909e",
      "needsInterop": false
    },
    "@angular/forms": {
      "src": "../../../../../../node_modules/@angular/forms/fesm2022/forms.mjs",
      "file": "@angular_forms.js",
      "fileHash": "7d920b3c",
      "needsInterop": false
    },
    "@angular/platform-browser": {
      "src": "../../../../../../node_modules/@angular/platform-browser/fesm2022/platform-browser.mjs",
      "file": "@angular_platform-browser.js",
      "fileHash": "549dc15d",
      "needsInterop": false
    },
    "@angular/router": {
      "src": "../../../../../../node_modules/@angular/router/fesm2022/router.mjs",
      "file": "@angular_router.js",
      "fileHash": "12f10cf8",
      "needsInterop": false
    },
    "@ng-bootstrap/ng-bootstrap": {
      "src": "../../../../../../node_modules/@ng-bootstrap/ng-bootstrap/fesm2022/ng-bootstrap.mjs",
      "file": "@ng-bootstrap_ng-bootstrap.js",
      "fileHash": "7ca6b2c5",
      "needsInterop": false
    },
    "tslib": {
      "src": "../../../../../../node_modules/tslib/tslib.es6.mjs",
      "file": "tslib.js",
      "fileHash": "0e13147f",
      "needsInterop": false
    }
  },
  "chunks": {
    "chunk-5AFGCTK2": {
      "file": "chunk-5AFGCTK2.js"
    },
    "chunk-6FPL6YPV": {
      "file": "chunk-6FPL6YPV.js"
    },
    "chunk-MI6AVVNY": {
      "file": "chunk-MI6AVVNY.js"
    },
    "chunk-BK64EUUN": {
      "file": "chunk-BK64EUUN.js"
    },
    "chunk-6TZNR3T3": {
      "file": "chunk-6TZNR3T3.js"
    }
  }
}