{
  "hash": "2971835d",
  "configHash": "5c0caacb",
  "lockfileHash": "ef9b0f12",
  "browserHash": "d72b1649",
  "optimized": {
    "@angular/common": {
      "src": "../../../../../../node_modules/@angular/common/fesm2022/common.mjs",
      "file": "@angular_common.js",
      "fileHash": "ed7eedbf",
      "needsInterop": false
    },
    "@angular/core": {
      "src": "../../../../../../node_modules/@angular/core/fesm2022/core.mjs",
      "file": "@angular_core.js",
      "fileHash": "78b3b055",
      "needsInterop": false
    },
    "@angular/forms": {
      "src": "../../../../../../node_modules/@angular/forms/fesm2022/forms.mjs",
      "file": "@angular_forms.js",
      "fileHash": "37dffb7f",
      "needsInterop": false
    },
    "@angular/platform-browser": {
      "src": "../../../../../../node_modules/@angular/platform-browser/fesm2022/platform-browser.mjs",
      "file": "@angular_platform-browser.js",
      "fileHash": "4df18c52",
      "needsInterop": false
    },
    "@angular/router": {
      "src": "../../../../../../node_modules/@angular/router/fesm2022/router.mjs",
      "file": "@angular_router.js",
      "fileHash": "4d3361a4",
      "needsInterop": false
    },
    "@ng-bootstrap/ng-bootstrap": {
      "src": "../../../../../../node_modules/@ng-bootstrap/ng-bootstrap/fesm2022/ng-bootstrap.mjs",
      "file": "@ng-bootstrap_ng-bootstrap.js",
      "fileHash": "a42ab3d4",
      "needsInterop": false
    }
  },
  "chunks": {
    "chunk-U72CYSSX": {
      "file": "chunk-U72CYSSX.js"
    },
    "chunk-JKP2QAN3": {
      "file": "chunk-JKP2QAN3.js"
    },
    "chunk-EHOAOTMV": {
      "file": "chunk-EHOAOTMV.js"
    },
    "chunk-BYTURTJU": {
      "file": "chunk-BYTURTJU.js"
    }
  }
}