{
  "hash": "b3ba82ed",
  "configHash": "71d0ca4c",
  "lockfileHash": "5c758675",
  "browserHash": "18ec59bc",
  "optimized": {
    "@angular/core": {
      "src": "../../../../../node_modules/@angular/core/fesm2022/core.mjs",
      "file": "@angular_core.js",
      "fileHash": "602d54a4",
      "needsInterop": false
    },
    "@angular/platform-browser": {
      "src": "../../../../../node_modules/@angular/platform-browser/fesm2022/platform-browser.mjs",
      "file": "@angular_platform-browser.js",
      "fileHash": "f4749844",
      "needsInterop": false
    },
    "@angular/router": {
      "src": "../../../../../node_modules/@angular/router/fesm2022/router.mjs",
      "file": "@angular_router.js",
      "fileHash": "fcb51394",
      "needsInterop": false
    },
    "@ng-bootstrap/ng-bootstrap": {
      "src": "../../../../../node_modules/@ng-bootstrap/ng-bootstrap/fesm2022/ng-bootstrap.mjs",
      "file": "@ng-bootstrap_ng-bootstrap.js",
      "fileHash": "ef9036ea",
      "needsInterop": false
    }
  },
  "chunks": {
    "chunk-QGFE7KRO": {
      "file": "chunk-QGFE7KRO.js"
    },
    "chunk-6PNAFSPZ": {
      "file": "chunk-6PNAFSPZ.js"
    },
    "chunk-I3V3VUT7": {
      "file": "chunk-I3V3VUT7.js"
    }
  }
}