{
  "hash": "8c7b034a",
  "configHash": "c820d0cf",
  "lockfileHash": "19772a42",
  "browserHash": "5842a9fa",
  "optimized": {
    "@angular/common": {
      "src": "../../../../../node_modules/@angular/common/fesm2022/common.mjs",
      "file": "@angular_common.js",
      "fileHash": "781300eb",
      "needsInterop": false
    },
    "@angular/core": {
      "src": "../../../../../node_modules/@angular/core/fesm2022/core.mjs",
      "file": "@angular_core.js",
      "fileHash": "1be048ad",
      "needsInterop": false
    },
    "@angular/forms": {
      "src": "../../../../../node_modules/@angular/forms/fesm2022/forms.mjs",
      "file": "@angular_forms.js",
      "fileHash": "ed5e7795",
      "needsInterop": false
    },
    "@angular/platform-browser": {
      "src": "../../../../../node_modules/@angular/platform-browser/fesm2022/platform-browser.mjs",
      "file": "@angular_platform-browser.js",
      "fileHash": "f18c6130",
      "needsInterop": false
    },
    "@angular/router": {
      "src": "../../../../../node_modules/@angular/router/fesm2022/router.mjs",
      "file": "@angular_router.js",
      "fileHash": "23d88d27",
      "needsInterop": false
    },
    "@ng-bootstrap/ng-bootstrap": {
      "src": "../../../../../node_modules/@ng-bootstrap/ng-bootstrap/fesm2022/ng-bootstrap.mjs",
      "file": "@ng-bootstrap_ng-bootstrap.js",
      "fileHash": "2aa380b5",
      "needsInterop": false
    }
  },
  "chunks": {
    "chunk-DA2LGILL": {
      "file": "chunk-DA2LGILL.js"
    },
    "chunk-RF4W7BSH": {
      "file": "chunk-RF4W7BSH.js"
    },
    "chunk-KRMIGCRS": {
      "file": "chunk-KRMIGCRS.js"
    },
    "chunk-I3V3VUT7": {
      "file": "chunk-I3V3VUT7.js"
    }
  }
}